symbol,timestamp,confidence,price_move_pct,margin,pnl_usd,roi_on_margin,liquidated,capital_after
BTCUSDT,2025-09-26 11:12:50.657577,0.7931817420805815,5.842761079067162,100.0,146.06902697667905,146.06902697667905,False,10146.069026976678
BTCUSDT,2025-09-28 16:12:50.657577,0.7712972719406231,5.66589229478748,101.46069026976679,143.71633580582267,141.647307369687,False,10289.7853627825
BTCUSDT,2025-10-04 08:12:50.657577,0.8041379888533233,5.311786820633767,102.89785362782501,136.64286569294583,132.79467051584416,False,10426.428228475446
BTCUSDT,2025-10-05 21:12:50.657577,0.7809033402848127,6.947788458580567,104.26428228475447,181.10154427505086,173.69471146451417,False,10607.529772750497
BTCUSDT,2025-10-09 04:12:50.657577,0.7517423199531058,-6.080556544558545,106.07529772750497,-106.07529772750497,-100.0,True,10501.454475022992
BTCUSDT,2025-10-11 08:12:50.657577,0.7514792512931017,6.469348458333927,105.01454475022993,169.8439207956348,161.73371145834818,False,10671.298395818627
BTCUSDT,2025-10-12 21:12:50.657577,0.8045870586887474,5.4148626148373,106.71298395818627,144.45903683822883,135.3715653709325,False,10815.757432656856
BTCUSDT,2025-10-16 16:12:50.657577,0.8000267237242304,7.64080257973775,108.15757432656856,206.6026682331556,191.02006449344373,False,11022.360100890011
BTCUSDT,2025-10-18 02:12:50.657577,0.7359374049576735,-7.54829242590622,110.22360100890012,-110.22360100890012,-100.0,True,10912.136499881111
BTCUSDT,2025-10-18 08:12:50.657577,0.8165891719852275,6.7978346326463175,109.12136499881112,185.44724853763947,169.94586581615795,False,11097.58374841875
BTCUSDT,2025-10-18 16:12:50.657577,0.7458718639429542,7.685569731528052,110.97583748418751,213.2281343748619,192.13924328820127,False,11310.811882793612
BTCUSDT,2025-10-19 13:12:50.657577,0.7397731699354192,-6.409719439920862,113.10811882793612,-113.10811882793612,-100.0,True,11197.703763965676
ETHUSDT,2025-09-26 11:12:50.657577,0.7881817420805814,7.019455996955977,100.0,175.48639992389943,175.48639992389943,False,10175.486399923899
ETHUSDT,2025-09-28 16:12:50.657577,0.7662972719406231,6.779401863809853,101.75486399923899,172.45927866203974,169.48504659524633,False,10347.945678585938
ETHUSDT,2025-09-28 21:12:50.657577,0.8032841089064132,-5.474573673795158,103.47945678585938,-103.47945678585938,-100.0,True,10244.46622180008
ETHUSDT,2025-09-30 06:12:50.657577,0.7810860086091957,-5.020210455454942,102.4446622180008,-102.4446622180008,-100.0,True,10142.02155958208
ETHUSDT,2025-10-02 19:12:50.657577,0.7864727079321989,-5.927964740985388,101.42021559582079,-101.42021559582079,-100.0,True,10040.601343986258
ETHUSDT,2025-10-04 08:12:50.657577,0.7991379888533233,6.369163876036855,100.40601343986259,159.87558843451095,159.22909690092138,False,10200.476932420768
ETHUSDT,2025-10-04 14:12:50.657577,0.7852129369096571,-5.160303400392138,102.00476932420769,-102.00476932420769,-100.0,True,10098.472163096561
ETHUSDT,2025-10-05 21:12:50.657577,0.7759033402848127,8.31663378088204,100.98472163096562,209.96323681726446,207.91584452205097,False,10308.435399913826
ETHUSDT,2025-10-07 06:12:50.657577,0.741199393454205,-5.0777396822792795,103.08435399913826,-103.08435399913826,-100.0,True,10205.351045914687
ETHUSDT,2025-10-09 04:12:50.657577,0.7467423199531058,-7.283659969944358,102.05351045914688,-102.05351045914688,-100.0,True,10103.29753545554
ETHUSDT,2025-10-09 10:12:50.657577,0.7313156857004306,-5.785718085180523,101.0329753545554,-101.0329753545554,-100.0,True,10002.264560100984
ETHUSDT,2025-10-11 08:12:50.657577,0.7464792512931017,7.765349401555333,100.02264560100984,194.17769778994574,194.13373503888334,False,10196.44225789093
ETHUSDT,2025-10-12 21:12:50.657577,0.7995870586887474,6.474865580572241,101.9644225789093,165.05148254977573,161.871639514306,False,10361.493740440706
ETHUSDT,2025-10-16 16:12:50.657577,0.7950267237242304,9.175917621062613,103.61493740440707,237.69053248359958,229.3979405265653,False,10599.184272924305
ETHUSDT,2025-10-17 21:12:50.657577,0.7840975168960549,-5.376689071417361,105.99184272924306,-105.99184272924306,-100.0,True,10493.192430195062
ETHUSDT,2025-10-18 02:12:50.657577,0.7309374049576735,-9.064964068421354,104.93192430195063,-104.93192430195063,-100.0,True,10388.260505893111
ETHUSDT,2025-10-18 08:12:50.657577,0.8115891719852275,8.14599019111608,103.88260505893112,211.55667045940962,203.64975477790196,False,10599.81717635252
ETHUSDT,2025-10-18 16:12:50.657577,0.7408718639429542,9.215253347805954,105.9981717635252,244.20000180128403,230.38133369514884,False,10844.017178153805
ETHUSDT,2025-10-19 13:12:50.657577,0.7347731699354192,-7.714720260415119,108.44017178153806,-108.44017178153806,-100.0,True,10735.577006372267
BNBUSDT,2025-09-25 20:12:50.657577,0.7327940612650465,-5.020029706623632,100.0,-100.0,-100.0,True,9900.0
BNBUSDT,2025-09-26 11:12:50.657577,0.7781817420805814,7.639187535076048,99.0,189.06989149313216,190.97968837690118,False,10089.069891493133
BNBUSDT,2025-09-28 16:12:50.657577,0.7562972719406231,7.409307977607909,100.89069891493133,186.88256508420957,185.2326994401977,False,10275.952456577343
BNBUSDT,2025-09-28 21:12:50.657577,0.7932841089064132,-5.889635372025689,102.75952456577343,-102.75952456577343,-100.0,True,10173.192932011569
BNBUSDT,2025-09-30 06:12:50.657577,0.7710860086091957,-5.373987072587093,101.73192932011568,-101.73192932011568,-100.0,True,10071.461002691452
BNBUSDT,2025-10-02 19:12:50.657577,0.7764727079321989,-6.426038481382238,100.71461002691453,-100.71461002691453,-100.0,True,9970.746392664538
BNBUSDT,2025-10-04 08:12:50.657577,0.7891379888533233,6.922264855143094,99.70746392664537,172.55036833371628,173.05662137857735,False,10143.296760998253
BNBUSDT,2025-10-04 14:12:50.657577,0.7752129369096571,-5.617854436068924,101.43296760998254,-101.43296760998254,-100.0,True,10041.863793388271
BNBUSDT,2025-10-05 21:12:50.657577,0.7659033402848127,9.076569050779613,100.4186379338827,227.86417529803083,226.9142262694903,False,10269.727968686302
BNBUSDT,2025-10-07 06:12:50.657577,0.731199393454205,-5.413966648354187,102.69727968686303,-102.69727968686303,-100.0,True,10167.030688999439
BNBUSDT,2025-10-09 04:12:50.657577,0.7367423199531058,-7.960053119709452,101.6703068899944,-101.6703068899944,-100.0,True,10065.360382109444
BNBUSDT,2025-10-09 10:12:50.657577,0.7213156857004306,-6.339951985097013,100.65360382109444,-100.65360382109444,-100.0,True,9964.70677828835
BNBUSDT,2025-10-11 08:12:50.657577,0.7364792512931017,8.346330030663585,99.6470677828835,207.92182857596262,208.65825076658967,False,10172.628606864313
BNBUSDT,2025-10-12 21:12:50.657577,0.7895870586887473,7.014613892748935,101.72628606864313,178.39265487871413,175.36534731872337,False,10351.021261743028
BNBUSDT,2025-10-16 16:12:50.657577,0.7850267237242304,9.902875763376958,103.51021261743028,256.2621939477865,247.57189408442392,False,10607.283455690815
BNBUSDT,2025-10-17 21:12:50.657577,0.7740975168960549,-5.8506196437749445,106.07283455690815,-106.07283455690815,-100.0,True,10501.210621133907
BNBUSDT,2025-10-18 02:12:50.657577,0.7209374049576734,-9.831304837940536,105.01210621133907,-105.01210621133907,-100.0,True,10396.198514922567
BNBUSDT,2025-10-18 08:12:50.657577,0.8015891719852275,8.903315372191713,103.96198514922568,231.40158512566688,222.58288430479283,False,10627.600100048234
BNBUSDT,2025-10-18 16:12:50.657577,0.7308718639429542,10.05996147313608,106.27600100048234,267.28311889595597,251.499036828402,False,10894.88321894419
BNBUSDT,2025-10-19 13:12:50.657577,0.7247731699354192,-8.308080163340911,108.94883218944189,-108.94883218944189,-100.0,True,10785.934386754747
SOLUSDT,2025-09-26 11:12:50.657577,0.7731817420805814,10.563996626760167,100.0,264.0999156690042,264.0999156690042,False,10264.099915669005
SOLUSDT,2025-09-28 02:12:50.657577,0.7401645850208146,-6.861168709458343,102.64099915669006,-102.64099915669006,-100.0,True,10161.458916512314
SOLUSDT,2025-09-28 21:12:50.657577,0.7882841089064132,-8.22164913634935,101.61458916512315,-101.61458916512315,-100.0,True,10059.844327347191
SOLUSDT,2025-10-02 19:12:50.657577,0.7714727079321989,-8.786204366158923,100.59844327347191,-100.59844327347191,-100.0,True,9959.24588407372
SOLUSDT,2025-10-04 08:12:50.657577,0.7841379888533233,9.605722137097453,99.59245884073721,239.1643716436091,240.14305342743634,False,10198.410255717328
SOLUSDT,2025-10-04 14:12:50.657577,0.7702129369096571,-7.716356254070805,101.98410255717329,-101.98410255717329,-100.0,True,10096.426153160155
SOLUSDT,2025-10-05 21:12:50.657577,0.7609033402848127,12.472822818514214,100.96426153160155,314.82733627144916,311.82057046285536,False,10411.253489431605
SOLUSDT,2025-10-07 06:12:50.657577,0.726199393454205,-7.585518231967519,104.11253489431606,-104.11253489431606,-100.0,True,10307.140954537288
SOLUSDT,2025-10-11 08:12:50.657577,0.7314792512931017,11.642442906648473,103.07140954537289,300.00075023494657,291.0610726662118,False,10607.141704772235
SOLUSDT,2025-10-12 21:12:50.657577,0.7845870586887473,9.736705470670074,106.07141704772235,258.1965366625713,243.41763676675185,False,10865.338241434807
SOLUSDT,2025-10-17 08:12:50.657577,0.7678773558537523,-6.7683855817093,108.65338241434807,-108.65338241434807,-100.0,True,10756.684859020459
SOLUSDT,2025-10-18 08:12:50.657577,0.7965891719852275,12.20612443608998,107.56684859020459,328.2435847725218,305.15311090224947,False,11084.92844379298
SOLUSDT,2025-10-18 16:12:50.657577,0.7258718639429542,13.957133644789437,110.8492844379298,386.78456933236606,348.928341119736,False,11471.713013125345
XRPUSDT,2025-09-25 20:12:50.657577,0.7227940612650465,-5.880155042603102,100.0,-100.0,-100.0,True,9900.0
XRPUSDT,2025-09-26 11:12:50.657577,0.7681817420805814,8.781559248673041,99.0,217.34359140465776,219.53898121682602,False,10117.343591404659
XRPUSDT,2025-09-28 02:12:50.657577,0.7351645850208146,-5.770472546466496,101.17343591404659,-101.17343591404659,-100.0,True,10016.170155490612
XRPUSDT,2025-09-28 16:12:50.657577,0.7462972719406231,8.598346406470265,100.16170155490613,215.30625165764357,214.95866016175663,False,10231.476407148255
XRPUSDT,2025-09-28 21:12:50.657577,0.7832841089064132,-6.921979141399937,102.31476407148256,-102.31476407148256,-100.0,True,10129.161643076772
XRPUSDT,2025-09-30 06:12:50.657577,0.7610860086091957,-6.456797220228615,101.29161643076772,-101.29161643076772,-100.0,True,10027.870026646004
XRPUSDT,2025-10-02 19:12:50.657577,0.7664727079321989,-7.345797996403009,100.27870026646004,-100.27870026646004,-100.0,True,9927.591326379543
XRPUSDT,2025-10-04 08:12:50.657577,0.7791379888533233,8.016603863632225,99.27591326379543,198.96391745904003,200.41509659080563,False,10126.555243838582
XRPUSDT,2025-10-04 14:12:50.657577,0.7652129369096571,-6.440764525701579,101.26555243838582,-101.26555243838582,-100.0,True,10025.289691400196
XRPUSDT,2025-10-05 21:12:50.657577,0.7559033402848127,10.545367076219849,100.25289691400197,264.30089960314467,263.6341769054962,False,10289.59059100334
XRPUSDT,2025-10-07 06:12:50.657577,0.721199393454205,-6.430780592825467,102.8959059100334,-102.8959059100334,-100.0,True,10186.694685093307
XRPUSDT,2025-10-09 04:12:50.657577,0.7267423199531058,-9.210629302055136,101.86694685093308,-101.86694685093308,-100.0,True,10084.827738242375
XRPUSDT,2025-10-11 08:12:50.657577,0.7264792512931016,9.702088246949383,100.84827738242375,244.6097216792762,242.5522061737346,False,10329.437459921652
XRPUSDT,2025-10-12 21:12:50.657577,0.7795870586887473,8.105157429198373,103.29437459921652,209.30429191930986,202.62893572995932,False,10538.741751840962
XRPUSDT,2025-10-16 16:12:50.657577,0.7750267237242304,11.510854446208697,105.38741751840962,303.27480587905944,287.7713611552174,False,10842.016557720022
XRPUSDT,2025-10-17 08:12:50.657577,0.7628773558537523,-5.605289660250593,108.42016557720022,-108.42016557720022,-100.0,True,10733.596392142823
XRPUSDT,2025-10-17 21:12:50.657577,0.7640975168960549,-6.817208729931085,107.33596392142823,-107.33596392142823,-100.0,True,10626.260428221394
XRPUSDT,2025-10-18 08:12:50.657577,0.7915891719852275,10.183514616844642,106.26260428221394,270.5316959829759,254.58786542111605,False,10896.79212420437
XRPUSDT,2025-10-18 16:12:50.657577,0.7208718639429542,11.469561283707957,108.9679212420437,312.4535626609706,286.73903209269895,False,11209.24568686534
ADAUSDT,2025-09-25 20:12:50.657577,0.7277940612650465,-5.463400995707944,100.0,-100.0,-100.0,True,9900.0
ADAUSDT,2025-09-26 11:12:50.657577,0.7731817420805814,8.17006361221134,99.0,202.20907440223064,204.25159030528346,False,10102.20907440223
ADAUSDT,2025-09-28 02:12:50.657577,0.7401645850208146,-5.241747393179296,101.02209074402231,-101.02209074402231,-100.0,True,10001.186983658208
ADAUSDT,2025-09-28 16:12:50.657577,0.7512972719406231,7.94367453818218,100.01186983658208,198.61543598421187,198.5918634545545,False,10199.80241964242
ADAUSDT,2025-09-28 21:12:50.657577,0.7882841089064132,-6.510154179940918,101.9980241964242,-101.9980241964242,-100.0,True,10097.804395445995
ADAUSDT,2025-09-30 06:12:50.657577,0.7660860086091957,-5.748578847355446,100.97804395445996,-100.97804395445996,-100.0,True,9996.826351491536
ADAUSDT,2025-10-02 19:12:50.657577,0.7714727079321989,-6.854643778998537,99.96826351491536,-99.96826351491536,-100.0,True,9896.858087976621
ADAUSDT,2025-10-04 08:12:50.657577,0.7841379888533233,7.3964862515823695,98.96858087976622,183.00493695395215,184.91215628955925,False,10079.863024930573
ADAUSDT,2025-10-04 14:12:50.657577,0.7702129369096571,-6.073596189164245,100.79863024930573,-100.79863024930573,-100.0,True,9979.064394681267
ADAUSDT,2025-10-05 21:12:50.657577,0.7609033402848127,9.644165337986324,99.79064394681268,240.5993673517964,241.10413344965806,False,10219.663762033064
ADAUSDT,2025-10-07 06:12:50.657577,0.726199393454205,-6.053170790161932,102.19663762033065,-102.19663762033065,-100.0,True,10117.467124412733
ADAUSDT,2025-10-09 04:12:50.657577,0.7317423199531058,-8.606065115831843,101.17467124412734,-101.17467124412734,-100.0,True,10016.292453168606
ADAUSDT,2025-10-11 08:12:50.657577,0.7314792512931017,9.067297671634911,100.16292453168606,227.05176309757508,226.6824417908728,False,10243.344216266181
ADAUSDT,2025-10-12 21:12:50.657577,0.7845870586887473,7.4963581721309485,102.43344216266182,191.96944281389318,187.4089543032737,False,10435.313659080075
ADAUSDT,2025-10-16 16:12:50.657577,0.7800267237242304,10.644450634607674,104.35313659080076,277.6954527518126,266.11126586519185,False,10713.009111831887
ADAUSDT,2025-10-17 08:12:50.657577,0.7678773558537523,-5.254404003731844,107.13009111831887,-107.13009111831887,-100.0,True,10605.879020713568
ADAUSDT,2025-10-17 21:12:50.657577,0.7690975168960549,-6.196916148460513,106.05879020713569,-106.05879020713569,-100.0,True,10499.820230506431
ADAUSDT,2025-10-18 08:12:50.657577,0.7965891719852275,9.391049882095373,104.99820230506431,246.51083884430008,234.77624705238435,False,10746.331069350732
ADAUSDT,2025-10-18 16:12:50.657577,0.7258718639429542,10.749860064216714,107.46331069350732,288.8038879981618,268.74650160541785,False,11035.134957348893
DOGEUSDT,2025-09-27 18:12:50.657577,0.7617288020950345,-6.354464185795629,100.0,-100.0,-100.0,True,9900.0
DOGEUSDT,2025-09-28 02:12:50.657577,0.7301645850208146,-7.601566305130265,99.0,-99.0,-100.0,True,9801.0
DOGEUSDT,2025-10-09 04:12:50.657577,0.7217423199531058,-12.069380311231791,98.01,-98.01,-100.0,True,9702.99
DOGEUSDT,2025-10-17 08:12:50.657577,0.7578773558537523,-7.429058529721729,97.0299,-97.0299,-100.0,True,9605.9601
DOGEUSDT,2025-10-18 08:12:50.657577,0.7865891719852275,13.630817375393459,96.059601,327.3427195960407,340.77043438483645,False,9933.302819596041
MATICUSDT,2025-09-25 20:12:50.657577,0.7227940612650465,-6.23821713159437,100.0,-100.0,-100.0,True,9900.0
MATICUSDT,2025-09-26 11:12:50.657577,0.7681817420805814,9.322925508631197,99.0,230.74240633862212,233.07313771577992,False,10130.742406338622
MATICUSDT,2025-09-27 18:12:50.657577,0.7667288020950345,-5.080047471517526,101.30742406338622,-101.30742406338622,-100.0,True,10029.434982275236
MATICUSDT,2025-09-28 02:12:50.657577,0.7351645850208146,-6.197805525457263,100.29434982275235,-100.29434982275235,-100.0,True,9929.140632452483
MATICUSDT,2025-09-28 16:12:50.657577,0.7462972719406231,8.999876151104385,99.29140632452483,223.40258994742652,224.99690377760962,False,10152.54322239991
MATICUSDT,2025-09-28 21:12:50.657577,0.7832841089064132,-7.312011777241803,101.5254322239991,-101.5254322239991,-100.0,True,10051.01779017591
MATICUSDT,2025-10-04 08:12:50.657577,0.7791379888533233,8.500928665026986,100.5101779017591,213.6074631130065,212.52321662567465,False,10264.625253288918
MATICUSDT,2025-10-04 14:12:50.657577,0.7652129369096571,-6.918978712262224,102.64625253288918,-102.64625253288918,-100.0,True,10161.979000756028
MATICUSDT,2025-10-12 21:12:50.657577,0.7795870586887473,8.597146679572397,101.61979000756028,218.41006006058527,214.92866698930993,False,10380.389060816613
MATICUSDT,2025-10-16 16:12:50.657577,0.7750267237242304,12.218469612925283,103.80389060816613,317.0811707748245,305.46174032313206,False,10697.470231591438
MATICUSDT,2025-10-17 08:12:50.657577,0.7628773558537523,-5.863950872615244,106.97470231591439,-106.97470231591439,-100.0,True,10590.495529275524
MATICUSDT,2025-10-17 21:12:50.657577,0.7640975168960549,-7.131908356294913,105.90495529275525,-105.90495529275525,-100.0,True,10484.590573982769
MATICUSDT,2025-10-18 08:12:50.657577,0.7915891719852275,10.852190484493935,104.84590573982769,284.4519351519765,271.3047621123484,False,10769.042509134744
MATICUSDT,2025-10-18 16:12:50.657577,0.7208718639429542,12.291428917506192,107.69042509134745,330.9173012765806,307.2857229376548,False,11099.959810411325
DOTUSDT,2025-09-25 20:12:50.657577,0.7257940612650465,-5.836932911512523,100.0,-100.0,-100.0,True,9900.0
DOTUSDT,2025-09-28 02:12:50.657577,0.7381645850208146,-5.782110207538688,99.0,-99.0,-100.0,True,9801.0
DOTUSDT,2025-09-28 21:12:50.657577,0.7862841089064132,-6.733408983119892,98.01,-98.01,-100.0,True,9702.99
DOTUSDT,2025-09-30 06:12:50.657577,0.7640860086091957,-6.2856650494627555,97.0299,-97.0299,-100.0,True,9605.9601
DOTUSDT,2025-10-02 19:12:50.657577,0.7694727079321989,-7.346285770790552,96.059601,-96.059601,-100.0,True,9509.900499
DOTUSDT,2025-10-04 08:12:50.657577,0.7821379888533233,7.914813647338404,95.09900499,188.1727256357887,197.87034118346008,False,9698.073224635787
DOTUSDT,2025-10-05 21:12:50.657577,0.7589033402848127,10.397440633046756,96.98073224635787,252.0878515202273,259.9360158261689,False,9950.161076156015
DOTUSDT,2025-10-09 04:12:50.657577,0.7297423199531058,-9.06254869949703,99.50161076156016,-99.50161076156016,-100.0,True,9850.659465394456
DOTUSDT,2025-10-11 08:12:50.657577,0.7294792512931016,9.750986745911495,98.50659465394456,240.13412471387238,243.7746686477874,False,10090.793590108327
DOTUSDT,2025-10-16 16:12:50.657577,0.7780267237242304,11.518123597815856,100.90793590108328,290.56751942728926,287.95308994539636,False,10381.361109535617
DOTUSDT,2025-10-17 08:12:50.657577,0.7658773558537523,-5.535094706488288,103.81361109535618,-103.81361109535618,-100.0,True,10277.54749844026
DOTUSDT,2025-10-18 08:12:50.657577,0.7945891719852275,10.21175152463525,102.7754749844026,262.3794033417713,255.29378811588123,False,10539.926901782032
DOTUSDT,2025-10-18 16:12:50.657577,0.7238718639429542,11.533648998141533,105.39926901782032,303.90954337805834,288.34122495353836,False,10843.83644516009
AVAXUSDT,2025-09-26 11:12:50.657577,0.7731817420805814,9.992093882497503,100.0,249.80234706243758,249.80234706243758,False,10249.802347062438
AVAXUSDT,2025-09-27 18:12:50.657577,0.7717288020950345,-5.436220196649113,102.49802347062437,-102.49802347062437,-100.0,True,10147.304323591814
AVAXUSDT,2025-09-28 02:12:50.657577,0.7401645850208146,-6.5106982766075046,101.47304323591814,-101.47304323591814,-100.0,True,10045.831280355897
AVAXUSDT,2025-09-28 16:12:50.657577,0.7512972719406231,9.590221150314788,100.45831280355897,240.8543590434075,239.75552875786968,False,10286.685639399304
AVAXUSDT,2025-09-28 21:12:50.657577,0.7882841089064132,-7.724768109217047,102.86685639399305,-102.86685639399305,-100.0,True,10183.81878300531
AVAXUSDT,2025-09-30 06:12:50.657577,0.7660860086091957,-7.107078309684088,101.8381878300531,-101.8381878300531,-100.0,True,10081.980595175257
AVAXUSDT,2025-10-04 08:12:50.657577,0.7841379888533233,9.030901393927675,100.81980595175257,227.62343152629998,225.77253484819187,False,10309.604026701556
AVAXUSDT,2025-10-04 14:12:50.657577,0.7702129369096571,-7.220836492170027,103.09604026701557,-103.09604026701557,-100.0,True,10206.50798643454
AVAXUSDT,2025-10-05 21:12:50.657577,0.7609033402848127,11.761387639382662,102.0650798643454,300.10674218227905,294.0346909845665,False,10506.61472861682
AVAXUSDT,2025-10-16 16:12:50.657577,0.7800267237242304,13.051871781297901,105.0661472861682,342.82747073350697,326.2967945324475,False,10849.442199350327
AVAXUSDT,2025-10-17 21:12:50.657577,0.7690975168960549,-7.595097063601841,108.49442199350328,-108.49442199350328,-100.0,True,10740.947777356823
AVAXUSDT,2025-10-18 08:12:50.657577,0.7965891719852275,11.5392475310382,107.40947777356824,309.8561378021874,288.48118827595493,False,11050.803915159011
LINKUSDT,2025-09-28 02:12:50.657577,0.7351645850208146,-6.056608141734354,100.0,-100.0,-100.0,True,9900.0
LINKUSDT,2025-09-30 06:12:50.657577,0.7610860086091957,-6.648737198192325,99.0,-99.0,-100.0,True,9801.0
LINKUSDT,2025-10-02 19:12:50.657577,0.7664727079321989,-7.922333345225015,98.01,-98.01,-100.0,True,9702.99
LINKUSDT,2025-10-05 21:12:50.657577,0.7559033402848127,11.06205447025127,97.0299,268.33750976075845,276.5513617562818,False,9971.327509760758
LINKUSDT,2025-10-09 04:12:50.657577,0.7267423199531058,-9.60283992815342,99.71327509760759,-99.71327509760759,-100.0,True,9871.614234663151
LINKUSDT,2025-10-11 08:12:50.657577,0.7264792512931016,10.369824088335086,98.71614234663151,255.9172577034037,259.24560220837714,False,10127.531492366556
LINKUSDT,2025-10-18 16:12:50.657577,0.7208718639429542,12.31402173115064,101.27531492366556,311.77660719978564,307.850543278766,False,10439.30809956634
UNIUSDT,2025-09-28 16:12:50.657577,0.7432972719406231,9.731110871496279,100.0,243.27777178740698,243.27777178740698,False,10243.277771787407
UNIUSDT,2025-10-04 14:12:50.657577,0.7622129369096571,-7.26894254473131,102.43277771787407,-102.43277771787407,-100.0,True,10140.844994069534
UNIUSDT,2025-10-11 08:12:50.657577,0.7234792512931016,10.957359014959637,101.40844994069533,277.79219828769027,273.93397537399096,False,10418.637192357224
UNIUSDT,2025-10-12 21:12:50.657577,0.7765870586887473,9.178734336825046,104.18637192357224,239.07475735102938,229.46835842062617,False,10657.711949708253
UNIUSDT,2025-10-17 21:12:50.657577,0.7610975168960549,-7.50759444870168,106.57711949708253,-106.57711949708253,-100.0,True,10551.134830211171
UNIUSDT,2025-10-18 08:12:50.657577,0.7885891719852275,11.448025032243722,105.51134830211171,301.9741391370903,286.2006258060931,False,10853.10896934826
ATOMUSDT,2025-09-26 11:12:50.657577,0.7681817420805814,8.82318516705615,100.0,220.57962917640378,220.57962917640376,False,10220.579629176404
ATOMUSDT,2025-09-28 21:12:50.657577,0.7832841089064132,-6.775131718617624,102.20579629176405,-102.20579629176405,-100.0,True,10118.37383288464
ATOMUSDT,2025-09-30 06:12:50.657577,0.7610860086091957,-6.1946700046652365,101.1837383288464,-101.1837383288464,-100.0,True,10017.190094555794
ATOMUSDT,2025-10-02 19:12:50.657577,0.7664727079321989,-7.465875476163,100.17190094555794,-100.17190094555794,-100.0,True,9917.018193610236
ATOMUSDT,2025-10-05 21:12:50.657577,0.7559033402848127,10.391217431337383,99.17018193610237,257.6247308008316,259.7804357834346,False,10174.642924411068
ATOMUSDT,2025-10-09 04:12:50.657577,0.7267423199531058,-9.049885238789358,101.74642924411069,-101.74642924411069,-100.0,True,10072.896495166957
ATOMUSDT,2025-10-11 08:12:50.657577,0.7264792512931016,9.777334009240741,100.72896495166957,246.2151836843944,244.43335023101852,False,10319.111678851352
ATOMUSDT,2025-10-16 16:12:50.657577,0.7750267237242304,11.563215050327821,103.19111678851353,298.3052686772689,289.08037625819554,False,10617.41694752862
ATOMUSDT,2025-10-17 08:12:50.657577,0.7628773558537523,-5.5271569245927,106.1741694752862,-106.1741694752862,-100.0,True,10511.242778053334
ATOMUSDT,2025-10-18 08:12:50.657577,0.7915891719852275,10.254837046272492,105.11242778053335,269.47770460686377,256.37092615681223,False,10780.720482660197
LTCUSDT,2025-09-25 20:12:50.657577,0.7327940612650465,-5.018738322425299,100.0,-100.0,-100.0,True,9900.0
LTCUSDT,2025-09-26 11:12:50.657577,0.7781817420805814,7.620910711144546,99.0,188.6175401008275,190.52276777861366,False,10088.617540100828
LTCUSDT,2025-09-28 16:12:50.657577,0.7562972719406231,7.380580773029027,100.88617540100827,186.14964160727894,184.5145193257257,False,10274.767181708106
LTCUSDT,2025-09-28 21:12:50.657577,0.7932841089064132,-5.926707511180307,102.74767181708107,-102.74767181708107,-100.0,True,10172.019509891024
LTCUSDT,2025-09-30 06:12:50.657577,0.7710860086091957,-5.483061478171827,101.72019509891025,-101.72019509891025,-100.0,True,10070.299314792113
LTCUSDT,2025-10-02 19:12:50.657577,0.7764727079321989,-6.354961303022956,100.70299314792113,-100.70299314792113,-100.0,True,9969.596321644192
LTCUSDT,2025-10-04 08:12:50.657577,0.7891379888533233,6.8609029836145,99.69596321644192,171.00108287150198,171.5225745903625,False,10140.597404515695
LTCUSDT,2025-10-04 14:12:50.657577,0.7752129369096571,-5.49664504571427,101.40597404515695,-101.40597404515695,-100.0,True,10039.191430470537
LTCUSDT,2025-10-05 21:12:50.657577,0.7659033402848127,8.960417461626962,100.39191430470537,224.88836548550992,224.0104365406741,False,10264.079795956048
LTCUSDT,2025-10-07 06:12:50.657577,0.731199393454205,-5.525031345086202,102.64079795956047,-102.64079795956047,-100.0,True,10161.438997996487
LTCUSDT,2025-10-09 04:12:50.657577,0.7367423199531058,-7.97555549498518,101.61438997996487,-101.61438997996487,-100.0,True,10059.824608016523
LTCUSDT,2025-10-09 10:12:50.657577,0.7213156857004306,-6.350766400973265,100.59824608016523,-100.59824608016523,-100.0,True,9959.226361936357
LTCUSDT,2025-10-11 08:12:50.657577,0.7364792512931017,8.467636693742966,99.59226361936356,210.8277764590614,211.69091734357414,False,10170.054138395419
LTCUSDT,2025-10-12 21:12:50.657577,0.7895870586887473,7.022549819216017,101.70054138395419,178.54927962751464,175.56374548040043,False,10348.603418022933
LTCUSDT,2025-10-16 16:12:50.657577,0.7850267237242304,9.929089908180883,103.48603418022932,256.8805344041442,248.22724770452206,False,10605.483952427077
LTCUSDT,2025-10-17 21:12:50.657577,0.7740975168960549,-5.818907107115421,106.05483952427078,-106.05483952427078,-100.0,True,10499.429112902806
LTCUSDT,2025-10-18 02:12:50.657577,0.7209374049576734,-9.878818488901267,104.99429112902806,-104.99429112902806,-100.0,True,10394.434821773779
LTCUSDT,2025-10-18 08:12:50.657577,0.8015891719852275,8.94991149033488,103.9443482177378,232.57317911732534,223.74778725837197,False,10627.008000891105
LTCUSDT,2025-10-18 16:12:50.657577,0.7308718639429542,10.042706317699698,106.27008000891105,266.80980097198585,251.06765794249247,False,10893.81780186309
LTCUSDT,2025-10-19 13:12:50.657577,0.7247731699354192,-8.368893968786209,108.9381780186309,-108.9381780186309,-100.0,True,10784.87962384446
ETCUSDT,2025-09-26 11:12:50.657577,0.7631817420805814,9.298054040603226,100.0,232.45135101508066,232.45135101508066,False,10232.451351015081
ETCUSDT,2025-09-27 18:12:50.657577,0.7617288020950345,-5.084424945334118,102.32451351015081,-102.32451351015081,-100.0,True,10130.12683750493
ETCUSDT,2025-09-28 21:12:50.657577,0.7782841089064132,-7.346086448782966,101.30126837504929,-101.30126837504929,-100.0,True,10028.82556912988
ETCUSDT,2025-09-30 06:12:50.657577,0.7560860086091957,-6.584291475191044,100.2882556912988,-100.2882556912988,-100.0,True,9928.53731343858
ETCUSDT,2025-10-02 19:12:50.657577,0.7614727079321989,-7.847700336368087,99.28537313438581,-99.28537313438581,-100.0,True,9829.251940304195
ETCUSDT,2025-10-04 08:12:50.657577,0.7741379888533233,8.405282718803623,98.29251940304195,206.54410368151457,210.13206797009056,False,10035.796043985709
ETCUSDT,2025-10-12 21:12:50.657577,0.7745870586887473,8.523899831217182,100.3579604398571,213.86030051364963,213.09749578042957,False,10249.656344499359
ETCUSDT,2025-10-16 16:12:50.657577,0.7700267237242304,12.25576425854183,102.4965634449936,314.0434297231294,306.39410646354577,False,10563.699774222488
ETCUSDT,2025-10-17 21:12:50.657577,0.7590975168960549,-6.988652757900229,105.63699774222489,-105.63699774222489,-100.0,True,10458.062776480263
ETCUSDT,2025-10-18 08:12:50.657577,0.7865891719852275,11.043245571743734,104.58062776480263,288.72738861345914,276.08113929359337,False,10746.790165093722
NEARUSDT,2025-09-26 11:12:50.657577,0.7651817420805814,10.393296385196601,100.0,259.83240962991505,259.83240962991505,False,10259.832409629915
NEARUSDT,2025-09-28 02:12:50.657577,0.7321645850208146,-6.918313185459226,102.59832409629915,-102.59832409629915,-100.0,True,10157.234085533615
NEARUSDT,2025-09-28 16:12:50.657577,0.7432972719406231,10.447067335071111,101.57234085533615,265.2832710741228,261.17668337677776,False,10422.517356607737
NEARUSDT,2025-09-30 06:12:50.657577,0.7580860086091957,-7.53637701670201,104.22517356607737,-104.22517356607737,-100.0,True,10318.29218304166
NEARUSDT,2025-10-02 19:12:50.657577,0.7634727079321989,-8.87469276398528,103.1829218304166,-103.1829218304166,-100.0,True,10215.109261211242
NEARUSDT,2025-10-04 08:12:50.657577,0.7761379888533233,9.410503160679893,102.15109261211242,240.3232949732971,235.2625790169973,False,10455.43255618454
NEARUSDT,2025-10-04 14:12:50.657577,0.7622129369096571,-7.827563474665463,104.5543255618454,-104.5543255618454,-100.0,True,10350.878230622695
NEARUSDT,2025-10-09 04:12:50.657577,0.7237423199531058,-10.840031019130805,103.50878230622695,-103.50878230622695,-100.0,True,10247.369448316467
NEARUSDT,2025-10-17 21:12:50.657577,0.7610975168960549,-8.063297736525755,102.47369448316468,-102.47369448316468,-100.0,True,10144.895753833303
NEARUSDT,2025-10-18 08:12:50.657577,0.7885891719852275,12.369868765597039,101.44895753833303,313.72757278895153,309.24671913992603,False,10458.623326622255
APTUSDT,2025-10-02 19:12:50.657577,0.7594727079321989,-9.984048814965533,100.0,-100.0,-100.0,True,9900.0
APTUSDT,2025-10-04 14:12:50.657577,0.7582129369096571,-8.49435656915506,99.0,-99.0,-100.0,True,9801.0
APTUSDT,2025-10-12 21:12:50.657577,0.7725870586887473,10.901339351252235,98.01,267.11006745405786,272.5334837813058,False,10068.110067454058
APTUSDT,2025-10-16 16:12:50.657577,0.7680267237242304,15.244691219601009,100.68110067454057,383.7130728582335,381.1172804900252,False,10451.823140312292
APTUSDT,2025-10-17 21:12:50.657577,0.7570975168960549,-8.997296540888895,104.51823140312293,-104.51823140312293,-100.0,True,10347.30490890917
APTUSDT,2025-10-18 08:12:50.657577,0.7845891719852275,13.485156672151845,103.47304908909169,348.8375695779151,337.1289168037962,False,10696.142478487085
ARBUSDT,2025-09-26 11:12:50.657577,0.7631817420805814,11.16609687927177,100.0,279.15242198179425,279.15242198179425,False,10279.152421981795
ARBUSDT,2025-09-28 02:12:50.657577,0.7301645850208146,-7.2214335799739215,102.79152421981794,-102.79152421981794,-100.0,True,10176.360897761977
ARBUSDT,2025-09-30 06:12:50.657577,0.7560860086091957,-7.887957804433128,101.76360897761977,-101.76360897761977,-100.0,True,10074.597288784356
ARBUSDT,2025-10-02 19:12:50.657577,0.7614727079321989,-9.329121476260305,100.74597288784356,-100.74597288784356,-100.0,True,9973.851315896512
ARBUSDT,2025-10-04 08:12:50.657577,0.7741379888533233,10.062962706567776,99.73851315896513,250.9162345817964,251.57406766419444,False,10224.76755047831
ARBUSDT,2025-10-09 04:12:50.657577,0.7217423199531058,-11.618956378334635,102.24767550478309,-102.24767550478309,-100.0,True,10122.519874973526
ARBUSDT,2025-10-11 08:12:50.657577,0.7214792512931016,12.28274126616347,101.22519874973527,310.83073146474305,307.06853165408677,False,10433.35060643827
ARBUSDT,2025-10-16 16:12:50.657577,0.7700267237242304,14.641122026582169,104.33350606438269,381.8898984374444,366.0280506645542,False,10815.240504875714
ARBUSDT,2025-10-17 08:12:50.657577,0.7578773558537523,-7.0687845569741485,108.15240504875715,-108.15240504875715,-100.0,True,10707.088099826957
ARBUSDT,2025-10-17 21:12:50.657577,0.7590975168960549,-8.52696049672248,107.07088099826957,-107.07088099826957,-100.0,True,10600.017218828687
ARBUSDT,2025-10-18 08:12:50.657577,0.7865891719852275,13.036403922837302,106.00017218828687,345.46526513420315,325.9100980709326,False,10945.482483962891
OPUSDT,2025-09-28 02:12:50.657577,0.7301645850208146,-7.254482611655574,100.0,-100.0,-100.0,True,9900.0
OPUSDT,2025-09-28 16:12:50.657577,0.7412972719406231,10.737017039824234,99.0,265.7411717356498,268.42542599560585,False,10165.74117173565
OPUSDT,2025-10-02 19:12:50.657577,0.7614727079321989,-9.305005959342505,101.6574117173565,-101.6574117173565,-100.0,True,10064.083760018293
OPUSDT,2025-10-04 14:12:50.657577,0.7602129369096571,-8.222775763765593,100.64083760018293,-100.64083760018293,-100.0,True,9963.44292241811
OPUSDT,2025-10-09 04:12:50.657577,0.7217423199531058,-11.582546235628975,99.63442922418109,-99.63442922418109,-100.0,True,9863.808493193928
OPUSDT,2025-10-11 08:12:50.657577,0.7214792512931016,12.496762938278305,98.63808493193929,308.16419102005165,312.4190734569576,False,10171.97268421398
OPUSDT,2025-10-16 16:12:50.657577,0.7700267237242304,14.600063370515494,101.7197268421398,371.2786144816918,365.0015842628874,False,10543.251298695672
OPUSDT,2025-10-17 08:12:50.657577,0.7578773558537523,-7.207845883457943,105.43251298695672,-105.43251298695672,-100.0,True,10437.818785708714
OPUSDT,2025-10-18 08:12:50.657577,0.7865891719852275,12.93184648921217,104.37818785708714,337.45067554750017,323.2961622303042,False,10775.269461256214
SUIUSDT,2025-09-26 11:12:50.657577,0.7611817420805814,12.820175671598896,100.0,320.50439178997243,320.50439178997243,False,10320.504391789973
SUIUSDT,2025-09-27 18:12:50.657577,0.7597288020950345,-7.0042180428546255,103.20504391789973,-103.20504391789973,-100.0,True,10217.299347872073
SUIUSDT,2025-09-30 06:12:50.657577,0.7540860086091957,-9.28309426336474,102.17299347872073,-102.17299347872073,-100.0,True,10115.126354393353
SUIUSDT,2025-10-12 21:12:50.657577,0.7725870586887473,11.991197789201603,101.15126354393352,303.23120194574113,299.77994473004014,False,10418.357556339093
SUIUSDT,2025-10-17 08:12:50.657577,0.7558773558537523,-8.117145721764459,104.18357556339093,-104.18357556339093,-100.0,True,10314.173980775702
SUIUSDT,2025-10-18 08:12:50.657577,0.7845891719852275,14.850909419983473,103.14173980775702,382.9371588261258,371.2727354995869,False,10697.111139601828
SEIUSDT,2025-09-27 18:12:50.657577,0.7567288020950345,-6.794622982382751,100.0,-100.0,-100.0,True,9900.0
SEIUSDT,2025-09-28 02:12:50.657577,0.7251645850208146,-8.110907168486964,99.0,-99.0,-100.0,True,9801.0
SEIUSDT,2025-10-04 08:12:50.657577,0.7691379888533233,11.052861524167012,98.01,270.8227394959022,276.3215381041753,False,10071.822739495903
SEIUSDT,2025-10-04 14:12:50.657577,0.7552129369096571,-9.039841839645918,100.71822739495903,-100.71822739495903,-100.0,True,9971.104512100945
SEIUSDT,2025-10-12 21:12:50.657577,0.7695870586887473,11.327667120755475,99.71104512100945,282.3733818483561,283.1916780188869,False,10253.4778939493
SEIUSDT,2025-10-16 16:12:50.657577,0.7650267237242304,16.067907617404106,102.53477893949301,411.87983889268145,401.6976904351027,False,10665.357732841981
SEIUSDT,2025-10-17 21:12:50.657577,0.7540975168960549,-9.349201433953963,106.65357732841981,-106.65357732841981,-100.0,True,10558.704155513562
TIAUSDT,2025-09-26 11:12:50.657577,0.7581817420805814,13.443341372735809,100.0,336.0835343183952,336.0835343183952,False,10336.083534318395
TIAUSDT,2025-09-27 18:12:50.657577,0.7567288020950345,-7.55006097878363,103.36083534318395,-103.36083534318395,-100.0,True,10232.72269897521
TIAUSDT,2025-09-28 02:12:50.657577,0.7251645850208146,-8.751853185604775,102.3272269897521,-102.3272269897521,-100.0,True,10130.39547198546
TIAUSDT,2025-09-28 16:12:50.657577,0.7362972719406231,12.964854818518313,101.30395471985459,328.3477663711669,324.1213704629578,False,10458.743238356627
TIAUSDT,2025-10-04 08:12:50.657577,0.7691379888533233,12.208287968767769,104.58743238356627,319.20837311315114,305.2071992191942,False,10777.951611469778
TIAUSDT,2025-10-04 14:12:50.657577,0.7552129369096571,-9.982248486614562,107.77951611469778,-107.77951611469778,-100.0,True,10670.172095355081
TIAUSDT,2025-10-12 21:12:50.657577,0.7695870586887473,12.411927664714778,106.70172095355082,331.09351054401344,310.2981916178694,False,11001.265605899094
TIAUSDT,2025-10-16 16:12:50.657577,0.7650267237242304,17.478140026285967,110.01265605899094,480.7041518156703,436.95350065714916,False,11481.969757714765
TIAUSDT,2025-10-17 21:12:50.657577,0.7540975168960549,-10.314513857058216,114.81969757714765,-114.81969757714765,-100.0,True,11367.150060137617
FETUSDT,2025-09-27 18:12:50.657577,0.7567288020950345,-6.373680785310395,100.0,-100.0,-100.0,True,9900.0
FETUSDT,2025-09-28 02:12:50.657577,0.7251645850208146,-7.639762804319274,99.0,-99.0,-100.0,True,9801.0
FETUSDT,2025-09-28 21:12:50.657577,0.7732841089064132,-8.92719149921471,98.01,-98.01,-100.0,True,9702.99
FETUSDT,2025-09-30 06:12:50.657577,0.7510860086091957,-8.34749099587855,97.0299,-97.0299,-100.0,True,9605.9601
FETUSDT,2025-10-04 08:12:50.657577,0.7691379888533233,10.804055595497546,96.059601,259.45831742132793,270.10138988743864,False,9865.418417421328
FETUSDT,2025-10-05 21:12:50.657577,0.7459033402848126,13.754039318555227,98.65418417421328,339.2233820180296,343.85098296388065,False,10204.641799439358
FETUSDT,2025-10-17 08:12:50.657577,0.7528773558537523,-7.488188696118825,102.04641799439358,-102.04641799439358,-100.0,True,10102.595381444964
RENDERUSDT,2025-09-27 18:12:50.657577,0.7517288020950345,-7.6416643513228335,100.0,-100.0,-100.0,True,9900.0
RENDERUSDT,2025-09-30 06:12:50.657577,0.7460860086091957,-10.055483886683882,99.0,-99.0,-100.0,True,9801.0
RENDERUSDT,2025-10-04 14:12:50.657577,0.7502129369096571,-10.204262258614452,98.01,-98.01,-100.0,True,9702.99
RENDERUSDT,2025-10-17 21:12:50.657577,0.7490975168960549,-10.757972451805506,97.0299,-97.0299,-100.0,True,9605.9601
AGIXUSDT,2025-09-28 02:12:50.657577,0.7201645850208146,-8.566648650848709,100.0,-100.0,-100.0,True,9900.0
AGIXUSDT,2025-10-05 21:12:50.657577,0.7409033402848126,15.338235214520866,99.0,379.6213215593914,383.4558803630216,False,10279.62132155939
WLDUSDT,2025-09-27 18:12:50.657577,0.7497288020950345,-8.06681775948238,100.0,-100.0,-100.0,True,9900.0
WLDUSDT,2025-09-28 16:12:50.657577,0.7292972719406231,14.168240643858756,99.0,350.66395593550425,354.20601609646894,False,10250.663955935504
WLDUSDT,2025-09-28 21:12:50.657577,0.7662841089064132,-11.440616635188269,102.50663955935505,-102.50663955935505,-100.0,True,10148.15731637615
WLDUSDT,2025-09-30 06:12:50.657577,0.7440860086091957,-10.371910175678131,101.4815731637615,-101.4815731637615,-100.0,True,10046.675743212389
WLDUSDT,2025-10-02 19:12:50.657577,0.7494727079321989,-12.330009349906463,100.46675743212388,-100.46675743212388,-100.0,True,9946.208985780264
WLDUSDT,2025-10-04 14:12:50.657577,0.7482129369096571,-10.715522232718694,99.46208985780264,-99.46208985780264,-100.0,True,9846.74689592246
WLDUSDT,2025-10-05 21:12:50.657577,0.7389033402848126,17.18063605756154,98.4674689592246,422.93343692441897,429.5159014390385,False,10269.68033284688
GRTUSDT,2025-09-28 02:12:50.657577,0.7281645850208146,-7.261736197008208,100.0,-100.0,-100.0,True,9900.0
GRTUSDT,2025-09-28 16:12:50.657577,0.7392972719406231,10.60058424610939,99.0,262.36446009120743,265.0146061527348,False,10162.364460091207
GRTUSDT,2025-09-28 21:12:50.657577,0.7762841089064132,-8.597251433290477,101.62364460091207,-101.62364460091207,-100.0,True,10060.740815490295
GRTUSDT,2025-10-16 16:12:50.657577,0.7680267237242304,14.533021443442507,100.60740815490296,365.5324050210943,363.3255360860627,False,10426.27322051139
GRTUSDT,2025-10-17 21:12:50.657577,0.7570975168960549,-8.522035954265043,104.2627322051139,-104.2627322051139,-100.0,True,10322.010488306276
SHIBUSDT,2025-09-26 11:12:50.657577,0.7531817420805814,14.600864421588271,100.0,365.0216105397068,365.0216105397068,False,10365.021610539707
SHIBUSDT,2025-09-28 16:12:50.657577,0.7312972719406231,14.084454103183592,103.65021610539706,364.96417788038144,352.11135257958983,False,10729.985788420088
SHIBUSDT,2025-09-28 21:12:50.657577,0.7682841089064132,-11.38097267236601,107.29985788420089,-107.29985788420089,-100.0,True,10622.685930535887
SHIBUSDT,2025-10-05 21:12:50.657577,0.7409033402848126,17.3517348219489,106.22685930535887,460.8050734087655,433.79337054872246,False,11083.491003944651
SHIBUSDT,2025-10-12 21:12:50.657577,0.7645870586887473,13.400407792980234,110.83491003944651,371.30824805671557,335.01019482450585,False,11454.799252001367
SHIBUSDT,2025-10-16 16:12:50.657577,0.7600267237242304,19.015853844799704,114.54799252001366,544.5569709939474,475.3963461199926,False,11999.356222995315
SHIBUSDT,2025-10-17 08:12:50.657577,0.7478773558537523,-9.340076904098355,119.99356222995316,-119.99356222995316,-100.0,True,11879.362660765362
SHIBUSDT,2025-10-18 08:12:50.657577,0.7765891719852275,17.16117309890653,118.79362660765362,509.65949731520317,429.02932747266334,False,12389.022158080565
PEPEUSDT,2025-09-27 18:12:50.657577,0.7467288020950344,-9.74609360722268,100.0,-100.0,-100.0,True,9900.0
PEPEUSDT,2025-10-05 21:12:50.657577,0.7359033402848126,20.88551681844519,99.0,516.9165412565185,522.1379204611297,False,10416.916541256518
PEPEUSDT,2025-10-12 21:12:50.657577,0.7595870586887473,16.268060576043325,104.16916541256518,423.65757327187185,406.70151440108316,False,10840.57411452839
PEPEUSDT,2025-10-16 16:12:50.657577,0.7550267237242304,23.072510401479843,108.4057411452839,625.2981475386736,576.8127600369961,False,11465.872262067063
PEPEUSDT,2025-10-17 08:12:50.657577,0.7428773558537523,-11.296786036205576,114.65872262067063,-114.65872262067063,-100.0,True,11351.213539446393
INJUSDT,2025-09-28 21:12:50.657577,0.7732841089064132,-9.943872352506428,100.0,-100.0,-100.0,True,9900.0
INJUSDT,2025-10-12 21:12:50.657577,0.7695870586887473,12.002883487122364,99.0,297.07136630627855,300.0720871780592,False,10197.071366306278
INJUSDT,2025-10-16 16:12:50.657577,0.7650267237242304,16.8250028889323,101.97071366306278,428.9143879918799,420.6250722233075,False,10625.985754298157
INJUSDT,2025-10-17 08:12:50.657577,0.7528773558537523,-8.218414941712945,106.25985754298158,-106.25985754298158,-100.0,True,10519.725896755175
INJUSDT,2025-10-17 21:12:50.657577,0.7540975168960549,-9.692942102504972,105.19725896755176,-105.19725896755176,-100.0,True,10414.528637787624
FILUSDT,2025-10-04 14:12:50.657577,0.7602129369096571,-7.793038411046477,100.0,-100.0,-100.0,True,9900.0
FILUSDT,2025-10-11 08:12:50.657577,0.7214792512931016,11.71576109263815,99.0,289.9650870427942,292.89402731595374,False,10189.965087042794
FILUSDT,2025-10-18 08:12:50.657577,0.7865891719852275,12.368094508593986,101.89965087042795,315.07612808954605,309.20236271484964,False,10505.04121513234
THETAUSDT,2025-09-27 18:12:50.657577,0.7567288020950345,-5.864216144475667,100.0,-100.0,-100.0,True,9900.0
THETAUSDT,2025-09-28 02:12:50.657577,0.7251645850208146,-7.1614461009346995,99.0,-99.0,-100.0,True,9801.0
THETAUSDT,2025-10-04 14:12:50.657577,0.7552129369096571,-8.281244467293261,98.01,-98.01,-100.0,True,9702.99
THETAUSDT,2025-10-05 21:12:50.657577,0.7459033402848126,13.259179150446588,97.0299,321.6342067624793,331.4794787611647,False,10024.624206762479
THETAUSDT,2025-10-16 16:12:50.657577,0.7650267237242304,14.656021885186577,100.24624206762479,367.30277941270504,366.4005471296644,False,10391.926986175184
THETAUSDT,2025-10-17 08:12:50.657577,0.7528773558537523,-7.105608021172481,103.91926986175184,-103.91926986175184,-100.0,True,10288.007716313432
THETAUSDT,2025-10-17 21:12:50.657577,0.7540975168960549,-8.60619917049912,102.88007716313432,-102.88007716313432,-100.0,True,10185.127639150298
SANDUSDT,2025-09-30 06:12:50.657577,0.7490860086091957,-8.77692040608029,100.0,-100.0,-100.0,True,9900.0
SANDUSDT,2025-10-04 08:12:50.657577,0.7671379888533233,11.111761629363361,99.0,275.0161003267432,277.79404073408404,False,10175.016100326744
SANDUSDT,2025-10-04 14:12:50.657577,0.7532129369096571,-9.037152312522279,101.75016100326744,-101.75016100326744,-100.0,True,10073.265939323477
SANDUSDT,2025-10-12 21:12:50.657577,0.7675870586887473,11.247528363658002,100.73265939323477,283.2483609180272,281.18820909145006,False,10356.514300241504
SANDUSDT,2025-10-17 08:12:50.657577,0.7508773558537523,-8.02273860597117,103.56514300241504,-103.56514300241504,-100.0,True,10252.949157239089
SANDUSDT,2025-10-17 21:12:50.657577,0.7520975168960549,-9.339175554853217,102.5294915723909,-102.5294915723909,-100.0,True,10150.419665666697
SANDUSDT,2025-10-18 08:12:50.657577,0.7795891719852275,14.38613464082035,101.50419665666698,365.0632599277795,359.65336602050877,False,10515.482925594477
MANAUSDT,2025-09-27 18:12:50.657577,0.7547288020950345,-6.420759289734029,100.0,-100.0,-100.0,True,9900.0
MANAUSDT,2025-09-28 21:12:50.657577,0.7712841089064132,-9.105114530387171,99.0,-99.0,-100.0,True,9801.0
MANAUSDT,2025-10-02 19:12:50.657577,0.7544727079321989,-9.857081462566248,98.01,-98.01,-100.0,True,9702.99
MANAUSDT,2025-10-16 16:12:50.657577,0.7630267237242304,15.484191959889545,97.0299,375.60739936222166,387.1047989972387,False,10078.597399362221
